<annotation>
	<folder></folder>
	<filename>raccoon-113_jpg.rf.44c31e8397cc40b9c2355a406f70f597.jpg</filename>
	<path>raccoon-113_jpg.rf.44c31e8397cc40b9c2355a406f70f597.jpg</path>
	<source>
		<database>roboflow.ai</database>
	</source>
	<size>
		<width>416</width>
		<height>416</height>
		<depth>3</depth>
	</size>
	<segmented>0</segmented>
	<object>
		<name>raccoon</name>
		<pose>Unspecified</pose>
		<truncated>0</truncated>
		<difficult>0</difficult>
		<occluded>0</occluded>
		<bndbox>
			<xmin>2</xmin>
			<xmax>251</xmax>
			<ymin>2</ymin>
			<ymax>379</ymax>
		</bndbox>
	</object>
</annotation>
