<annotation>
	<folder></folder>
	<filename>raccoon-145_jpg.rf.94d190d1aa954302de0f4a18cac2bc96.jpg</filename>
	<path>raccoon-145_jpg.rf.94d190d1aa954302de0f4a18cac2bc96.jpg</path>
	<source>
		<database>roboflow.ai</database>
	</source>
	<size>
		<width>416</width>
		<height>416</height>
		<depth>3</depth>
	</size>
	<segmented>0</segmented>
	<object>
		<name>raccoon</name>
		<pose>Unspecified</pose>
		<truncated>0</truncated>
		<difficult>0</difficult>
		<occluded>0</occluded>
		<bndbox>
			<xmin>3</xmin>
			<xmax>241</xmax>
			<ymin>34</ymin>
			<ymax>416</ymax>
		</bndbox>
	</object>
	<object>
		<name>raccoon</name>
		<pose>Unspecified</pose>
		<truncated>0</truncated>
		<difficult>0</difficult>
		<occluded>0</occluded>
		<bndbox>
			<xmin>182</xmin>
			<xmax>396</xmax>
			<ymin>39</ymin>
			<ymax>416</ymax>
		</bndbox>
	</object>
</annotation>
