<annotation>
	<folder></folder>
	<filename>raccoon-197_jpg.rf.feeda892bbf59049f5db5eecfb476ffd.jpg</filename>
	<path>raccoon-197_jpg.rf.feeda892bbf59049f5db5eecfb476ffd.jpg</path>
	<source>
		<database>roboflow.ai</database>
	</source>
	<size>
		<width>416</width>
		<height>416</height>
		<depth>3</depth>
	</size>
	<segmented>0</segmented>
	<object>
		<name>raccoon</name>
		<pose>Unspecified</pose>
		<truncated>0</truncated>
		<difficult>0</difficult>
		<occluded>0</occluded>
		<bndbox>
			<xmin>38</xmin>
			<xmax>322</xmax>
			<ymin>22</ymin>
			<ymax>379</ymax>
		</bndbox>
	</object>
</annotation>
