<annotation>
	<folder></folder>
	<filename>raccoon-56_jpg.rf.48fecf103e4a4c814569b50facecf288.jpg</filename>
	<path>raccoon-56_jpg.rf.48fecf103e4a4c814569b50facecf288.jpg</path>
	<source>
		<database>roboflow.ai</database>
	</source>
	<size>
		<width>416</width>
		<height>416</height>
		<depth>3</depth>
	</size>
	<segmented>0</segmented>
	<object>
		<name>raccoon</name>
		<pose>Unspecified</pose>
		<truncated>0</truncated>
		<difficult>0</difficult>
		<occluded>0</occluded>
		<bndbox>
			<xmin>36</xmin>
			<xmax>389</xmax>
			<ymin>13</ymin>
			<ymax>399</ymax>
		</bndbox>
	</object>
</annotation>
