<annotation>
	<folder></folder>
	<filename>raccoon-5_jpg.rf.aada59e008ebcd0aa1300d27a9539feb.jpg</filename>
	<path>raccoon-5_jpg.rf.aada59e008ebcd0aa1300d27a9539feb.jpg</path>
	<source>
		<database>roboflow.ai</database>
	</source>
	<size>
		<width>416</width>
		<height>416</height>
		<depth>3</depth>
	</size>
	<segmented>0</segmented>
	<object>
		<name>raccoon</name>
		<pose>Unspecified</pose>
		<truncated>0</truncated>
		<difficult>0</difficult>
		<occluded>0</occluded>
		<bndbox>
			<xmin>6</xmin>
			<xmax>402</xmax>
			<ymin>8</ymin>
			<ymax>399</ymax>
		</bndbox>
	</object>
</annotation>
