<annotation>
	<folder></folder>
	<filename>raccoon-53_jpg.rf.3372db4c1f0fa75805262eaad064a3f7.jpg</filename>
	<path>raccoon-53_jpg.rf.3372db4c1f0fa75805262eaad064a3f7.jpg</path>
	<source>
		<database>roboflow.ai</database>
	</source>
	<size>
		<width>416</width>
		<height>416</height>
		<depth>3</depth>
	</size>
	<segmented>0</segmented>
	<object>
		<name>raccoon</name>
		<pose>Unspecified</pose>
		<truncated>0</truncated>
		<difficult>0</difficult>
		<occluded>0</occluded>
		<bndbox>
			<xmin>115</xmin>
			<xmax>317</xmax>
			<ymin>98</ymin>
			<ymax>368</ymax>
		</bndbox>
	</object>
</annotation>
