<annotation>
	<folder></folder>
	<filename>raccoon-125_jpg.rf.095796456c02641f5442fe988b190a32.jpg</filename>
	<path>raccoon-125_jpg.rf.095796456c02641f5442fe988b190a32.jpg</path>
	<source>
		<database>roboflow.ai</database>
	</source>
	<size>
		<width>416</width>
		<height>416</height>
		<depth>3</depth>
	</size>
	<segmented>0</segmented>
	<object>
		<name>raccoon</name>
		<pose>Unspecified</pose>
		<truncated>0</truncated>
		<difficult>0</difficult>
		<occluded>0</occluded>
		<bndbox>
			<xmin>22</xmin>
			<xmax>406</xmax>
			<ymin>14</ymin>
			<ymax>406</ymax>
		</bndbox>
	</object>
</annotation>
