<annotation>
	<folder></folder>
	<filename>raccoon-111_jpg.rf.27a8d7842380860ac1580682e18ee0f2.jpg</filename>
	<path>raccoon-111_jpg.rf.27a8d7842380860ac1580682e18ee0f2.jpg</path>
	<source>
		<database>roboflow.ai</database>
	</source>
	<size>
		<width>416</width>
		<height>416</height>
		<depth>3</depth>
	</size>
	<segmented>0</segmented>
	<object>
		<name>raccoon</name>
		<pose>Unspecified</pose>
		<truncated>0</truncated>
		<difficult>0</difficult>
		<occluded>0</occluded>
		<bndbox>
			<xmin>23</xmin>
			<xmax>371</xmax>
			<ymin>4</ymin>
			<ymax>399</ymax>
		</bndbox>
	</object>
</annotation>
