<annotation>
	<folder></folder>
	<filename>raccoon-114_jpg.rf.61a417d19d8044073beb206aa2db9f44.jpg</filename>
	<path>raccoon-114_jpg.rf.61a417d19d8044073beb206aa2db9f44.jpg</path>
	<source>
		<database>roboflow.ai</database>
	</source>
	<size>
		<width>416</width>
		<height>416</height>
		<depth>3</depth>
	</size>
	<segmented>0</segmented>
	<object>
		<name>raccoon</name>
		<pose>Unspecified</pose>
		<truncated>0</truncated>
		<difficult>0</difficult>
		<occluded>0</occluded>
		<bndbox>
			<xmin>162</xmin>
			<xmax>349</xmax>
			<ymin>36</ymin>
			<ymax>264</ymax>
		</bndbox>
	</object>
</annotation>
