<annotation>
	<folder></folder>
	<filename>raccoon-164_jpg.rf.b668f55ca2ffd629f8fd4298981104f1.jpg</filename>
	<path>raccoon-164_jpg.rf.b668f55ca2ffd629f8fd4298981104f1.jpg</path>
	<source>
		<database>roboflow.ai</database>
	</source>
	<size>
		<width>416</width>
		<height>416</height>
		<depth>3</depth>
	</size>
	<segmented>0</segmented>
	<object>
		<name>raccoon</name>
		<pose>Unspecified</pose>
		<truncated>0</truncated>
		<difficult>0</difficult>
		<occluded>0</occluded>
		<bndbox>
			<xmin>16</xmin>
			<xmax>273</xmax>
			<ymin>62</ymin>
			<ymax>415</ymax>
		</bndbox>
	</object>
</annotation>
