<annotation>
	<folder></folder>
	<filename>raccoon-25_jpg.rf.dada3d74aa39089ede4d16414c45fffa.jpg</filename>
	<path>raccoon-25_jpg.rf.dada3d74aa39089ede4d16414c45fffa.jpg</path>
	<source>
		<database>roboflow.ai</database>
	</source>
	<size>
		<width>416</width>
		<height>416</height>
		<depth>3</depth>
	</size>
	<segmented>0</segmented>
	<object>
		<name>raccoon</name>
		<pose>Unspecified</pose>
		<truncated>0</truncated>
		<difficult>0</difficult>
		<occluded>0</occluded>
		<bndbox>
			<xmin>21</xmin>
			<xmax>215</xmax>
			<ymin>55</ymin>
			<ymax>417</ymax>
		</bndbox>
	</object>
</annotation>
