<annotation>
	<folder></folder>
	<filename>raccoon-195_jpg.rf.438757fc784e4d9f04d8c257fa103283.jpg</filename>
	<path>raccoon-195_jpg.rf.438757fc784e4d9f04d8c257fa103283.jpg</path>
	<source>
		<database>roboflow.ai</database>
	</source>
	<size>
		<width>416</width>
		<height>416</height>
		<depth>3</depth>
	</size>
	<segmented>0</segmented>
	<object>
		<name>raccoon</name>
		<pose>Unspecified</pose>
		<truncated>0</truncated>
		<difficult>0</difficult>
		<occluded>0</occluded>
		<bndbox>
			<xmin>47</xmin>
			<xmax>367</xmax>
			<ymin>206</ymin>
			<ymax>415</ymax>
		</bndbox>
	</object>
</annotation>
