<annotation>
	<folder></folder>
	<filename>raccoon-17_jpg.rf.9a6f703c15e45c2d8e7beb2672336e90.jpg</filename>
	<path>raccoon-17_jpg.rf.9a6f703c15e45c2d8e7beb2672336e90.jpg</path>
	<source>
		<database>roboflow.ai</database>
	</source>
	<size>
		<width>416</width>
		<height>416</height>
		<depth>3</depth>
	</size>
	<segmented>0</segmented>
	<object>
		<name>raccoon</name>
		<pose>Unspecified</pose>
		<truncated>0</truncated>
		<difficult>0</difficult>
		<occluded>0</occluded>
		<bndbox>
			<xmin>154</xmin>
			<xmax>269</xmax>
			<ymin>130</ymin>
			<ymax>254</ymax>
		</bndbox>
	</object>
</annotation>
