<annotation>
	<folder></folder>
	<filename>raccoon-189_jpg.rf.3dde48ace4f382d50088d9cf494f8d21.jpg</filename>
	<path>raccoon-189_jpg.rf.3dde48ace4f382d50088d9cf494f8d21.jpg</path>
	<source>
		<database>roboflow.ai</database>
	</source>
	<size>
		<width>416</width>
		<height>416</height>
		<depth>3</depth>
	</size>
	<segmented>0</segmented>
	<object>
		<name>raccoon</name>
		<pose>Unspecified</pose>
		<truncated>0</truncated>
		<difficult>0</difficult>
		<occluded>0</occluded>
		<bndbox>
			<xmin>14</xmin>
			<xmax>353</xmax>
			<ymin>3</ymin>
			<ymax>406</ymax>
		</bndbox>
	</object>
</annotation>
