<annotation>
	<folder></folder>
	<filename>raccoon-200_jpg.rf.4d4cf20c6490045c87cadf8bd468bd8f.jpg</filename>
	<path>raccoon-200_jpg.rf.4d4cf20c6490045c87cadf8bd468bd8f.jpg</path>
	<source>
		<database>roboflow.ai</database>
	</source>
	<size>
		<width>416</width>
		<height>416</height>
		<depth>3</depth>
	</size>
	<segmented>0</segmented>
	<object>
		<name>raccoon</name>
		<pose>Unspecified</pose>
		<truncated>0</truncated>
		<difficult>0</difficult>
		<occluded>0</occluded>
		<bndbox>
			<xmin>171</xmin>
			<xmax>398</xmax>
			<ymin>23</ymin>
			<ymax>359</ymax>
		</bndbox>
	</object>
</annotation>
