<annotation>
	<folder></folder>
	<filename>raccoon-122_jpg.rf.15cffc72b474e63027182cd847834316.jpg</filename>
	<path>raccoon-122_jpg.rf.15cffc72b474e63027182cd847834316.jpg</path>
	<source>
		<database>roboflow.ai</database>
	</source>
	<size>
		<width>416</width>
		<height>416</height>
		<depth>3</depth>
	</size>
	<segmented>0</segmented>
	<object>
		<name>raccoon</name>
		<pose>Unspecified</pose>
		<truncated>0</truncated>
		<difficult>0</difficult>
		<occluded>0</occluded>
		<bndbox>
			<xmin>17</xmin>
			<xmax>408</xmax>
			<ymin>11</ymin>
			<ymax>292</ymax>
		</bndbox>
	</object>
</annotation>
