<annotation>
	<folder></folder>
	<filename>raccoon-128_jpg.rf.d69ad1a11a7823bd0e3818419b1071d8.jpg</filename>
	<path>raccoon-128_jpg.rf.d69ad1a11a7823bd0e3818419b1071d8.jpg</path>
	<source>
		<database>roboflow.ai</database>
	</source>
	<size>
		<width>416</width>
		<height>416</height>
		<depth>3</depth>
	</size>
	<segmented>0</segmented>
	<object>
		<name>raccoon</name>
		<pose>Unspecified</pose>
		<truncated>0</truncated>
		<difficult>0</difficult>
		<occluded>0</occluded>
		<bndbox>
			<xmin>123</xmin>
			<xmax>306</xmax>
			<ymin>188</ymin>
			<ymax>319</ymax>
		</bndbox>
	</object>
</annotation>
