<annotation>
	<folder></folder>
	<filename>raccoon-119_jpg.rf.72a18cd6c7a2b03e30d1088780ddad94.jpg</filename>
	<path>raccoon-119_jpg.rf.72a18cd6c7a2b03e30d1088780ddad94.jpg</path>
	<source>
		<database>roboflow.ai</database>
	</source>
	<size>
		<width>416</width>
		<height>416</height>
		<depth>3</depth>
	</size>
	<segmented>0</segmented>
	<object>
		<name>raccoon</name>
		<pose>Unspecified</pose>
		<truncated>0</truncated>
		<difficult>0</difficult>
		<occluded>0</occluded>
		<bndbox>
			<xmin>18</xmin>
			<xmax>378</xmax>
			<ymin>50</ymin>
			<ymax>277</ymax>
		</bndbox>
	</object>
	<object>
		<name>raccoon</name>
		<pose>Unspecified</pose>
		<truncated>0</truncated>
		<difficult>0</difficult>
		<occluded>0</occluded>
		<bndbox>
			<xmin>221</xmin>
			<xmax>289</xmax>
			<ymin>281</ymin>
			<ymax>315</ymax>
		</bndbox>
	</object>
	<object>
		<name>raccoon</name>
		<pose>Unspecified</pose>
		<truncated>0</truncated>
		<difficult>0</difficult>
		<occluded>0</occluded>
		<bndbox>
			<xmin>207</xmin>
			<xmax>292</xmax>
			<ymin>307</ymin>
			<ymax>370</ymax>
		</bndbox>
	</object>
</annotation>
