<annotation>
	<folder></folder>
	<filename>raccoon-177_jpg.rf.1ffe2bcc19c2311f8c8d4ace8932a88d.jpg</filename>
	<path>raccoon-177_jpg.rf.1ffe2bcc19c2311f8c8d4ace8932a88d.jpg</path>
	<source>
		<database>roboflow.ai</database>
	</source>
	<size>
		<width>416</width>
		<height>416</height>
		<depth>3</depth>
	</size>
	<segmented>0</segmented>
	<object>
		<name>raccoon</name>
		<pose>Unspecified</pose>
		<truncated>0</truncated>
		<difficult>0</difficult>
		<occluded>0</occluded>
		<bndbox>
			<xmin>13</xmin>
			<xmax>238</xmax>
			<ymin>42</ymin>
			<ymax>406</ymax>
		</bndbox>
	</object>
	<object>
		<name>raccoon</name>
		<pose>Unspecified</pose>
		<truncated>0</truncated>
		<difficult>0</difficult>
		<occluded>0</occluded>
		<bndbox>
			<xmin>221</xmin>
			<xmax>397</xmax>
			<ymin>30</ymin>
			<ymax>333</ymax>
		</bndbox>
	</object>
</annotation>
