<annotation>
	<folder></folder>
	<filename>raccoon-132_jpg.rf.0b354b87c7cf8e0bbaf011e22bce215b.jpg</filename>
	<path>raccoon-132_jpg.rf.0b354b87c7cf8e0bbaf011e22bce215b.jpg</path>
	<source>
		<database>roboflow.ai</database>
	</source>
	<size>
		<width>416</width>
		<height>416</height>
		<depth>3</depth>
	</size>
	<segmented>0</segmented>
	<object>
		<name>raccoon</name>
		<pose>Unspecified</pose>
		<truncated>0</truncated>
		<difficult>0</difficult>
		<occluded>0</occluded>
		<bndbox>
			<xmin>11</xmin>
			<xmax>387</xmax>
			<ymin>5</ymin>
			<ymax>282</ymax>
		</bndbox>
	</object>
</annotation>
