<annotation>
	<folder></folder>
	<filename>raccoon-161_jpg.rf.e8ff1acd5614eb0c53fe51d4c38db3cd.jpg</filename>
	<path>raccoon-161_jpg.rf.e8ff1acd5614eb0c53fe51d4c38db3cd.jpg</path>
	<source>
		<database>roboflow.ai</database>
	</source>
	<size>
		<width>416</width>
		<height>416</height>
		<depth>3</depth>
	</size>
	<segmented>0</segmented>
	<object>
		<name>raccoon</name>
		<pose>Unspecified</pose>
		<truncated>0</truncated>
		<difficult>0</difficult>
		<occluded>0</occluded>
		<bndbox>
			<xmin>175</xmin>
			<xmax>321</xmax>
			<ymin>89</ymin>
			<ymax>224</ymax>
		</bndbox>
	</object>
</annotation>
