<annotation>
	<folder></folder>
	<filename>raccoon-14_jpg.rf.ccd41578e4ad987071fdc014304b74f4.jpg</filename>
	<path>raccoon-14_jpg.rf.ccd41578e4ad987071fdc014304b74f4.jpg</path>
	<source>
		<database>roboflow.ai</database>
	</source>
	<size>
		<width>416</width>
		<height>416</height>
		<depth>3</depth>
	</size>
	<segmented>0</segmented>
	<object>
		<name>raccoon</name>
		<pose>Unspecified</pose>
		<truncated>0</truncated>
		<difficult>0</difficult>
		<occluded>0</occluded>
		<bndbox>
			<xmin>77</xmin>
			<xmax>254</xmax>
			<ymin>71</ymin>
			<ymax>378</ymax>
		</bndbox>
	</object>
</annotation>
