<annotation>
	<folder></folder>
	<filename>raccoon-170_jpg.rf.87c5e9d7e0bd78397063846b0ad329c7.jpg</filename>
	<path>raccoon-170_jpg.rf.87c5e9d7e0bd78397063846b0ad329c7.jpg</path>
	<source>
		<database>roboflow.ai</database>
	</source>
	<size>
		<width>416</width>
		<height>416</height>
		<depth>3</depth>
	</size>
	<segmented>0</segmented>
	<object>
		<name>raccoon</name>
		<pose>Unspecified</pose>
		<truncated>0</truncated>
		<difficult>0</difficult>
		<occluded>0</occluded>
		<bndbox>
			<xmin>86</xmin>
			<xmax>409</xmax>
			<ymin>59</ymin>
			<ymax>372</ymax>
		</bndbox>
	</object>
</annotation>
