<annotation>
	<folder></folder>
	<filename>raccoon-38_jpg.rf.d72bfc74df002a90d04736fa40265fd9.jpg</filename>
	<path>raccoon-38_jpg.rf.d72bfc74df002a90d04736fa40265fd9.jpg</path>
	<source>
		<database>roboflow.ai</database>
	</source>
	<size>
		<width>416</width>
		<height>416</height>
		<depth>3</depth>
	</size>
	<segmented>0</segmented>
	<object>
		<name>raccoon</name>
		<pose>Unspecified</pose>
		<truncated>0</truncated>
		<difficult>0</difficult>
		<occluded>0</occluded>
		<bndbox>
			<xmin>12</xmin>
			<xmax>414</xmax>
			<ymin>37</ymin>
			<ymax>387</ymax>
		</bndbox>
	</object>
</annotation>
