<annotation>
	<folder></folder>
	<filename>raccoon-13_jpg.rf.b553d6d2cc3f79ec70af325742125e41.jpg</filename>
	<path>raccoon-13_jpg.rf.b553d6d2cc3f79ec70af325742125e41.jpg</path>
	<source>
		<database>roboflow.ai</database>
	</source>
	<size>
		<width>416</width>
		<height>416</height>
		<depth>3</depth>
	</size>
	<segmented>0</segmented>
	<object>
		<name>raccoon</name>
		<pose>Unspecified</pose>
		<truncated>0</truncated>
		<difficult>0</difficult>
		<occluded>0</occluded>
		<bndbox>
			<xmin>36</xmin>
			<xmax>249</xmax>
			<ymin>25</ymin>
			<ymax>264</ymax>
		</bndbox>
	</object>
</annotation>
