<annotation>
	<folder></folder>
	<filename>raccoon-101_jpg.rf.a9e8a95f51d60d7d3b40d3243aa11afd.jpg</filename>
	<path>raccoon-101_jpg.rf.a9e8a95f51d60d7d3b40d3243aa11afd.jpg</path>
	<source>
		<database>roboflow.ai</database>
	</source>
	<size>
		<width>416</width>
		<height>416</height>
		<depth>3</depth>
	</size>
	<segmented>0</segmented>
	<object>
		<name>raccoon</name>
		<pose>Unspecified</pose>
		<truncated>0</truncated>
		<difficult>0</difficult>
		<occluded>0</occluded>
		<bndbox>
			<xmin>57</xmin>
			<xmax>261</xmax>
			<ymin>53</ymin>
			<ymax>349</ymax>
		</bndbox>
	</object>
</annotation>
