<annotation>
	<folder></folder>
	<filename>raccoon-143_jpg.rf.d75bca7db247c692bfacd20a587832da.jpg</filename>
	<path>raccoon-143_jpg.rf.d75bca7db247c692bfacd20a587832da.jpg</path>
	<source>
		<database>roboflow.ai</database>
	</source>
	<size>
		<width>416</width>
		<height>416</height>
		<depth>3</depth>
	</size>
	<segmented>0</segmented>
	<object>
		<name>raccoon</name>
		<pose>Unspecified</pose>
		<truncated>0</truncated>
		<difficult>0</difficult>
		<occluded>0</occluded>
		<bndbox>
			<xmin>29</xmin>
			<xmax>384</xmax>
			<ymin>64</ymin>
			<ymax>349</ymax>
		</bndbox>
	</object>
</annotation>
