<annotation>
	<folder></folder>
	<filename>raccoon-146_jpg.rf.8a125f9145d9522094fe8a2e16067397.jpg</filename>
	<path>raccoon-146_jpg.rf.8a125f9145d9522094fe8a2e16067397.jpg</path>
	<source>
		<database>roboflow.ai</database>
	</source>
	<size>
		<width>416</width>
		<height>416</height>
		<depth>3</depth>
	</size>
	<segmented>0</segmented>
	<object>
		<name>raccoon</name>
		<pose>Unspecified</pose>
		<truncated>0</truncated>
		<difficult>0</difficult>
		<occluded>0</occluded>
		<bndbox>
			<xmin>7</xmin>
			<xmax>411</xmax>
			<ymin>10</ymin>
			<ymax>410</ymax>
		</bndbox>
	</object>
</annotation>
