<annotation>
	<folder></folder>
	<filename>raccoon-19_jpg.rf.4b877f79c13c17fa218923084773ec00.jpg</filename>
	<path>raccoon-19_jpg.rf.4b877f79c13c17fa218923084773ec00.jpg</path>
	<source>
		<database>roboflow.ai</database>
	</source>
	<size>
		<width>416</width>
		<height>416</height>
		<depth>3</depth>
	</size>
	<segmented>0</segmented>
	<object>
		<name>raccoon</name>
		<pose>Unspecified</pose>
		<truncated>0</truncated>
		<difficult>0</difficult>
		<occluded>0</occluded>
		<bndbox>
			<xmin>141</xmin>
			<xmax>293</xmax>
			<ymin>18</ymin>
			<ymax>192</ymax>
		</bndbox>
	</object>
</annotation>
