<annotation>
	<folder></folder>
	<filename>raccoon-159_jpg.rf.f00562bbdf4852182fce5c33b9831501.jpg</filename>
	<path>raccoon-159_jpg.rf.f00562bbdf4852182fce5c33b9831501.jpg</path>
	<source>
		<database>roboflow.ai</database>
	</source>
	<size>
		<width>416</width>
		<height>416</height>
		<depth>3</depth>
	</size>
	<segmented>0</segmented>
	<object>
		<name>raccoon</name>
		<pose>Unspecified</pose>
		<truncated>0</truncated>
		<difficult>0</difficult>
		<occluded>0</occluded>
		<bndbox>
			<xmin>27</xmin>
			<xmax>411</xmax>
			<ymin>22</ymin>
			<ymax>413</ymax>
		</bndbox>
	</object>
</annotation>
