<annotation>
	<folder></folder>
	<filename>raccoon-18_jpg.rf.a89b15cc2d03110d1c2503a6ff5dedb4.jpg</filename>
	<path>raccoon-18_jpg.rf.a89b15cc2d03110d1c2503a6ff5dedb4.jpg</path>
	<source>
		<database>roboflow.ai</database>
	</source>
	<size>
		<width>416</width>
		<height>416</height>
		<depth>3</depth>
	</size>
	<segmented>0</segmented>
	<object>
		<name>raccoon</name>
		<pose>Unspecified</pose>
		<truncated>0</truncated>
		<difficult>0</difficult>
		<occluded>0</occluded>
		<bndbox>
			<xmin>57</xmin>
			<xmax>350</xmax>
			<ymin>68</ymin>
			<ymax>348</ymax>
		</bndbox>
	</object>
</annotation>
