<annotation>
	<folder></folder>
	<filename>raccoon-11_jpg.rf.2610060ad22fcea7c4ae086f903c5eec.jpg</filename>
	<path>raccoon-11_jpg.rf.2610060ad22fcea7c4ae086f903c5eec.jpg</path>
	<source>
		<database>roboflow.ai</database>
	</source>
	<size>
		<width>416</width>
		<height>416</height>
		<depth>3</depth>
	</size>
	<segmented>0</segmented>
	<object>
		<name>raccoon</name>
		<pose>Unspecified</pose>
		<truncated>0</truncated>
		<difficult>0</difficult>
		<occluded>0</occluded>
		<bndbox>
			<xmin>3</xmin>
			<xmax>291</xmax>
			<ymin>2</ymin>
			<ymax>416</ymax>
		</bndbox>
	</object>
</annotation>
