<annotation>
	<folder></folder>
	<filename>raccoon-35_jpg.rf.412f8d6d90c7ea71ea9f6d5f5c7c39c7.jpg</filename>
	<path>raccoon-35_jpg.rf.412f8d6d90c7ea71ea9f6d5f5c7c39c7.jpg</path>
	<source>
		<database>roboflow.ai</database>
	</source>
	<size>
		<width>416</width>
		<height>416</height>
		<depth>3</depth>
	</size>
	<segmented>0</segmented>
	<object>
		<name>raccoon</name>
		<pose>Unspecified</pose>
		<truncated>0</truncated>
		<difficult>0</difficult>
		<occluded>0</occluded>
		<bndbox>
			<xmin>3</xmin>
			<xmax>251</xmax>
			<ymin>3</ymin>
			<ymax>415</ymax>
		</bndbox>
	</object>
</annotation>
