<annotation>
	<folder></folder>
	<filename>raccoon-112_jpg.rf.096e4a5594f3bc496cd5d3d7379e97e0.jpg</filename>
	<path>raccoon-112_jpg.rf.096e4a5594f3bc496cd5d3d7379e97e0.jpg</path>
	<source>
		<database>roboflow.ai</database>
	</source>
	<size>
		<width>416</width>
		<height>416</height>
		<depth>3</depth>
	</size>
	<segmented>0</segmented>
	<object>
		<name>raccoon</name>
		<pose>Unspecified</pose>
		<truncated>0</truncated>
		<difficult>0</difficult>
		<occluded>0</occluded>
		<bndbox>
			<xmin>69</xmin>
			<xmax>404</xmax>
			<ymin>127</ymin>
			<ymax>409</ymax>
		</bndbox>
	</object>
</annotation>
