<annotation>
	<folder></folder>
	<filename>raccoon-121_jpg.rf.f6ebf9b6da4eaafdb71331856fed141e.jpg</filename>
	<path>raccoon-121_jpg.rf.f6ebf9b6da4eaafdb71331856fed141e.jpg</path>
	<source>
		<database>roboflow.ai</database>
	</source>
	<size>
		<width>416</width>
		<height>416</height>
		<depth>3</depth>
	</size>
	<segmented>0</segmented>
	<object>
		<name>raccoon</name>
		<pose>Unspecified</pose>
		<truncated>0</truncated>
		<difficult>0</difficult>
		<occluded>0</occluded>
		<bndbox>
			<xmin>39</xmin>
			<xmax>290</xmax>
			<ymin>37</ymin>
			<ymax>394</ymax>
		</bndbox>
	</object>
</annotation>
