<annotation>
	<folder></folder>
	<filename>raccoon-186_jpg.rf.45717b7fa9e2864677cc082bd988f35f.jpg</filename>
	<path>raccoon-186_jpg.rf.45717b7fa9e2864677cc082bd988f35f.jpg</path>
	<source>
		<database>roboflow.ai</database>
	</source>
	<size>
		<width>416</width>
		<height>416</height>
		<depth>3</depth>
	</size>
	<segmented>0</segmented>
	<object>
		<name>raccoon</name>
		<pose>Unspecified</pose>
		<truncated>0</truncated>
		<difficult>0</difficult>
		<occluded>0</occluded>
		<bndbox>
			<xmin>23</xmin>
			<xmax>349</xmax>
			<ymin>40</ymin>
			<ymax>377</ymax>
		</bndbox>
	</object>
</annotation>
