<annotation>
	<folder></folder>
	<filename>raccoon-149_jpg.rf.70664e11725b4721cc466510f117e48e.jpg</filename>
	<path>raccoon-149_jpg.rf.70664e11725b4721cc466510f117e48e.jpg</path>
	<source>
		<database>roboflow.ai</database>
	</source>
	<size>
		<width>416</width>
		<height>416</height>
		<depth>3</depth>
	</size>
	<segmented>0</segmented>
	<object>
		<name>raccoon</name>
		<pose>Unspecified</pose>
		<truncated>0</truncated>
		<difficult>0</difficult>
		<occluded>0</occluded>
		<bndbox>
			<xmin>111</xmin>
			<xmax>255</xmax>
			<ymin>56</ymin>
			<ymax>274</ymax>
		</bndbox>
	</object>
</annotation>
