<annotation>
	<folder></folder>
	<filename>raccoon-152_jpg.rf.dcee9be6791185d580a7c06474e1e206.jpg</filename>
	<path>raccoon-152_jpg.rf.dcee9be6791185d580a7c06474e1e206.jpg</path>
	<source>
		<database>roboflow.ai</database>
	</source>
	<size>
		<width>416</width>
		<height>416</height>
		<depth>3</depth>
	</size>
	<segmented>0</segmented>
	<object>
		<name>raccoon</name>
		<pose>Unspecified</pose>
		<truncated>0</truncated>
		<difficult>0</difficult>
		<occluded>0</occluded>
		<bndbox>
			<xmin>63</xmin>
			<xmax>338</xmax>
			<ymin>138</ymin>
			<ymax>354</ymax>
		</bndbox>
	</object>
</annotation>
