<annotation>
	<folder></folder>
	<filename>raccoon-141_jpg.rf.07e56dba92bd912066d0cf7a54e20290.jpg</filename>
	<path>raccoon-141_jpg.rf.07e56dba92bd912066d0cf7a54e20290.jpg</path>
	<source>
		<database>roboflow.ai</database>
	</source>
	<size>
		<width>416</width>
		<height>416</height>
		<depth>3</depth>
	</size>
	<segmented>0</segmented>
	<object>
		<name>raccoon</name>
		<pose>Unspecified</pose>
		<truncated>0</truncated>
		<difficult>0</difficult>
		<occluded>0</occluded>
		<bndbox>
			<xmin>3</xmin>
			<xmax>258</xmax>
			<ymin>3</ymin>
			<ymax>364</ymax>
		</bndbox>
	</object>
</annotation>
