<annotation>
	<folder></folder>
	<filename>raccoon-102_jpg.rf.d140a1fcbfc8d62c7ad37167714f79df.jpg</filename>
	<path>raccoon-102_jpg.rf.d140a1fcbfc8d62c7ad37167714f79df.jpg</path>
	<source>
		<database>roboflow.ai</database>
	</source>
	<size>
		<width>416</width>
		<height>416</height>
		<depth>3</depth>
	</size>
	<segmented>0</segmented>
	<object>
		<name>raccoon</name>
		<pose>Unspecified</pose>
		<truncated>0</truncated>
		<difficult>0</difficult>
		<occluded>0</occluded>
		<bndbox>
			<xmin>3</xmin>
			<xmax>191</xmax>
			<ymin>3</ymin>
			<ymax>327</ymax>
		</bndbox>
	</object>
</annotation>
