<annotation>
	<folder></folder>
	<filename>raccoon-183_jpg.rf.ec95835ea04533da42d4d959d6707f20.jpg</filename>
	<path>raccoon-183_jpg.rf.ec95835ea04533da42d4d959d6707f20.jpg</path>
	<source>
		<database>roboflow.ai</database>
	</source>
	<size>
		<width>416</width>
		<height>416</height>
		<depth>3</depth>
	</size>
	<segmented>0</segmented>
	<object>
		<name>raccoon</name>
		<pose>Unspecified</pose>
		<truncated>0</truncated>
		<difficult>0</difficult>
		<occluded>0</occluded>
		<bndbox>
			<xmin>76</xmin>
			<xmax>283</xmax>
			<ymin>8</ymin>
			<ymax>350</ymax>
		</bndbox>
	</object>
</annotation>
