<annotation>
	<folder></folder>
	<filename>raccoon-185_jpg.rf.53089cc4bbef76a8aea5a70b56e56a65.jpg</filename>
	<path>raccoon-185_jpg.rf.53089cc4bbef76a8aea5a70b56e56a65.jpg</path>
	<source>
		<database>roboflow.ai</database>
	</source>
	<size>
		<width>416</width>
		<height>416</height>
		<depth>3</depth>
	</size>
	<segmented>0</segmented>
	<object>
		<name>raccoon</name>
		<pose>Unspecified</pose>
		<truncated>0</truncated>
		<difficult>0</difficult>
		<occluded>0</occluded>
		<bndbox>
			<xmin>39</xmin>
			<xmax>303</xmax>
			<ymin>4</ymin>
			<ymax>413</ymax>
		</bndbox>
	</object>
</annotation>
