<annotation>
	<folder></folder>
	<filename>raccoon-198_jpg.rf.6911aef3b0e22d84a8b6c19e1b504136.jpg</filename>
	<path>raccoon-198_jpg.rf.6911aef3b0e22d84a8b6c19e1b504136.jpg</path>
	<source>
		<database>roboflow.ai</database>
	</source>
	<size>
		<width>416</width>
		<height>416</height>
		<depth>3</depth>
	</size>
	<segmented>0</segmented>
	<object>
		<name>raccoon</name>
		<pose>Unspecified</pose>
		<truncated>0</truncated>
		<difficult>0</difficult>
		<occluded>0</occluded>
		<bndbox>
			<xmin>93</xmin>
			<xmax>255</xmax>
			<ymin>46</ymin>
			<ymax>396</ymax>
		</bndbox>
	</object>
	<object>
		<name>raccoon</name>
		<pose>Unspecified</pose>
		<truncated>0</truncated>
		<difficult>0</difficult>
		<occluded>0</occluded>
		<bndbox>
			<xmin>181</xmin>
			<xmax>321</xmax>
			<ymin>70</ymin>
			<ymax>340</ymax>
		</bndbox>
	</object>
</annotation>
