<annotation>
	<folder></folder>
	<filename>raccoon-28_jpg.rf.7b2be1128d5b1d3d43776e878d595a10.jpg</filename>
	<path>raccoon-28_jpg.rf.7b2be1128d5b1d3d43776e878d595a10.jpg</path>
	<source>
		<database>roboflow.ai</database>
	</source>
	<size>
		<width>416</width>
		<height>416</height>
		<depth>3</depth>
	</size>
	<segmented>0</segmented>
	<object>
		<name>raccoon</name>
		<pose>Unspecified</pose>
		<truncated>0</truncated>
		<difficult>0</difficult>
		<occluded>0</occluded>
		<bndbox>
			<xmin>65</xmin>
			<xmax>417</xmax>
			<ymin>75</ymin>
			<ymax>416</ymax>
		</bndbox>
	</object>
</annotation>
