<annotation>
	<folder></folder>
	<filename>raccoon-196_jpg.rf.a6da7cedce59b51c62f6ab91cf3c953b.jpg</filename>
	<path>raccoon-196_jpg.rf.a6da7cedce59b51c62f6ab91cf3c953b.jpg</path>
	<source>
		<database>roboflow.ai</database>
	</source>
	<size>
		<width>416</width>
		<height>416</height>
		<depth>3</depth>
	</size>
	<segmented>0</segmented>
	<object>
		<name>raccoon</name>
		<pose>Unspecified</pose>
		<truncated>0</truncated>
		<difficult>0</difficult>
		<occluded>0</occluded>
		<bndbox>
			<xmin>149</xmin>
			<xmax>378</xmax>
			<ymin>169</ymin>
			<ymax>408</ymax>
		</bndbox>
	</object>
</annotation>
