<annotation>
	<folder></folder>
	<filename>raccoon-117_jpg.rf.b05cd921b42a5dda682dcc870518e462.jpg</filename>
	<path>raccoon-117_jpg.rf.b05cd921b42a5dda682dcc870518e462.jpg</path>
	<source>
		<database>roboflow.ai</database>
	</source>
	<size>
		<width>416</width>
		<height>416</height>
		<depth>3</depth>
	</size>
	<segmented>0</segmented>
	<object>
		<name>raccoon</name>
		<pose>Unspecified</pose>
		<truncated>0</truncated>
		<difficult>0</difficult>
		<occluded>0</occluded>
		<bndbox>
			<xmin>66</xmin>
			<xmax>174</xmax>
			<ymin>116</ymin>
			<ymax>302</ymax>
		</bndbox>
	</object>
	<object>
		<name>raccoon</name>
		<pose>Unspecified</pose>
		<truncated>0</truncated>
		<difficult>0</difficult>
		<occluded>0</occluded>
		<bndbox>
			<xmin>224</xmin>
			<xmax>372</xmax>
			<ymin>95</ymin>
			<ymax>277</ymax>
		</bndbox>
	</object>
</annotation>
