<annotation>
	<folder></folder>
	<filename>raccoon-136_jpg.rf.47c7f0f51edf22d75682fe3c49dd074a.jpg</filename>
	<path>raccoon-136_jpg.rf.47c7f0f51edf22d75682fe3c49dd074a.jpg</path>
	<source>
		<database>roboflow.ai</database>
	</source>
	<size>
		<width>416</width>
		<height>416</height>
		<depth>3</depth>
	</size>
	<segmented>0</segmented>
	<object>
		<name>raccoon</name>
		<pose>Unspecified</pose>
		<truncated>0</truncated>
		<difficult>0</difficult>
		<occluded>0</occluded>
		<bndbox>
			<xmin>84</xmin>
			<xmax>323</xmax>
			<ymin>52</ymin>
			<ymax>407</ymax>
		</bndbox>
	</object>
</annotation>
