<annotation>
	<folder></folder>
	<filename>raccoon-109_jpg.rf.e0306efe98748d0b3b7859fb9b463f26.jpg</filename>
	<path>raccoon-109_jpg.rf.e0306efe98748d0b3b7859fb9b463f26.jpg</path>
	<source>
		<database>roboflow.ai</database>
	</source>
	<size>
		<width>416</width>
		<height>416</height>
		<depth>3</depth>
	</size>
	<segmented>0</segmented>
	<object>
		<name>raccoon</name>
		<pose>Unspecified</pose>
		<truncated>0</truncated>
		<difficult>0</difficult>
		<occluded>0</occluded>
		<bndbox>
			<xmin>21</xmin>
			<xmax>385</xmax>
			<ymin>3</ymin>
			<ymax>406</ymax>
		</bndbox>
	</object>
</annotation>
