<annotation>
	<folder></folder>
	<filename>raccoon-187_jpg.rf.d8fc7a310b84d7776c66507634446811.jpg</filename>
	<path>raccoon-187_jpg.rf.d8fc7a310b84d7776c66507634446811.jpg</path>
	<source>
		<database>roboflow.ai</database>
	</source>
	<size>
		<width>416</width>
		<height>416</height>
		<depth>3</depth>
	</size>
	<segmented>0</segmented>
	<object>
		<name>raccoon</name>
		<pose>Unspecified</pose>
		<truncated>0</truncated>
		<difficult>0</difficult>
		<occluded>0</occluded>
		<bndbox>
			<xmin>186</xmin>
			<xmax>337</xmax>
			<ymin>132</ymin>
			<ymax>323</ymax>
		</bndbox>
	</object>
</annotation>
