<annotation>
	<folder></folder>
	<filename>raccoon-181_jpg.rf.ae3fcbba8b7e2408d045a865027c34fc.jpg</filename>
	<path>raccoon-181_jpg.rf.ae3fcbba8b7e2408d045a865027c34fc.jpg</path>
	<source>
		<database>roboflow.ai</database>
	</source>
	<size>
		<width>416</width>
		<height>416</height>
		<depth>3</depth>
	</size>
	<segmented>0</segmented>
	<object>
		<name>raccoon</name>
		<pose>Unspecified</pose>
		<truncated>0</truncated>
		<difficult>0</difficult>
		<occluded>0</occluded>
		<bndbox>
			<xmin>56</xmin>
			<xmax>234</xmax>
			<ymin>2</ymin>
			<ymax>406</ymax>
		</bndbox>
	</object>
</annotation>
