<annotation>
	<folder></folder>
	<filename>raccoon-190_jpg.rf.18c3f6bf1a7b1cd3288edc357d75af5b.jpg</filename>
	<path>raccoon-190_jpg.rf.18c3f6bf1a7b1cd3288edc357d75af5b.jpg</path>
	<source>
		<database>roboflow.ai</database>
	</source>
	<size>
		<width>416</width>
		<height>416</height>
		<depth>3</depth>
	</size>
	<segmented>0</segmented>
	<object>
		<name>raccoon</name>
		<pose>Unspecified</pose>
		<truncated>0</truncated>
		<difficult>0</difficult>
		<occluded>0</occluded>
		<bndbox>
			<xmin>126</xmin>
			<xmax>247</xmax>
			<ymin>117</ymin>
			<ymax>290</ymax>
		</bndbox>
	</object>
</annotation>
