<annotation>
	<folder></folder>
	<filename>raccoon-39_jpg.rf.e3e19cc56f672e57edb42749564d2a3d.jpg</filename>
	<path>raccoon-39_jpg.rf.e3e19cc56f672e57edb42749564d2a3d.jpg</path>
	<source>
		<database>roboflow.ai</database>
	</source>
	<size>
		<width>416</width>
		<height>416</height>
		<depth>3</depth>
	</size>
	<segmented>0</segmented>
	<object>
		<name>raccoon</name>
		<pose>Unspecified</pose>
		<truncated>0</truncated>
		<difficult>0</difficult>
		<occluded>0</occluded>
		<bndbox>
			<xmin>91</xmin>
			<xmax>415</xmax>
			<ymin>30</ymin>
			<ymax>405</ymax>
		</bndbox>
	</object>
</annotation>
