<annotation>
	<folder></folder>
	<filename>raccoon-2_jpg.rf.1d070475673b53b1880a4b5551dae643.jpg</filename>
	<path>raccoon-2_jpg.rf.1d070475673b53b1880a4b5551dae643.jpg</path>
	<source>
		<database>roboflow.ai</database>
	</source>
	<size>
		<width>416</width>
		<height>416</height>
		<depth>3</depth>
	</size>
	<segmented>0</segmented>
	<object>
		<name>raccoon</name>
		<pose>Unspecified</pose>
		<truncated>0</truncated>
		<difficult>0</difficult>
		<occluded>0</occluded>
		<bndbox>
			<xmin>32</xmin>
			<xmax>241</xmax>
			<ymin>38</ymin>
			<ymax>363</ymax>
		</bndbox>
	</object>
</annotation>
