<annotation>
	<folder></folder>
	<filename>raccoon-21_jpg.rf.1a912c8d6424050610135e493cfb5181.jpg</filename>
	<path>raccoon-21_jpg.rf.1a912c8d6424050610135e493cfb5181.jpg</path>
	<source>
		<database>roboflow.ai</database>
	</source>
	<size>
		<width>416</width>
		<height>416</height>
		<depth>3</depth>
	</size>
	<segmented>0</segmented>
	<object>
		<name>raccoon</name>
		<pose>Unspecified</pose>
		<truncated>0</truncated>
		<difficult>0</difficult>
		<occluded>0</occluded>
		<bndbox>
			<xmin>86</xmin>
			<xmax>311</xmax>
			<ymin>6</ymin>
			<ymax>410</ymax>
		</bndbox>
	</object>
</annotation>
