<annotation>
	<folder></folder>
	<filename>raccoon-142_jpg.rf.c3f459d88a59381fcfee3677549778c7.jpg</filename>
	<path>raccoon-142_jpg.rf.c3f459d88a59381fcfee3677549778c7.jpg</path>
	<source>
		<database>roboflow.ai</database>
	</source>
	<size>
		<width>416</width>
		<height>416</height>
		<depth>3</depth>
	</size>
	<segmented>0</segmented>
	<object>
		<name>raccoon</name>
		<pose>Unspecified</pose>
		<truncated>0</truncated>
		<difficult>0</difficult>
		<occluded>0</occluded>
		<bndbox>
			<xmin>71</xmin>
			<xmax>331</xmax>
			<ymin>89</ymin>
			<ymax>402</ymax>
		</bndbox>
	</object>
</annotation>
