<annotation>
	<folder></folder>
	<filename>raccoon-163_jpg.rf.f2a2ca26f88d90a5d82142c377f40154.jpg</filename>
	<path>raccoon-163_jpg.rf.f2a2ca26f88d90a5d82142c377f40154.jpg</path>
	<source>
		<database>roboflow.ai</database>
	</source>
	<size>
		<width>416</width>
		<height>416</height>
		<depth>3</depth>
	</size>
	<segmented>0</segmented>
	<object>
		<name>raccoon</name>
		<pose>Unspecified</pose>
		<truncated>0</truncated>
		<difficult>0</difficult>
		<occluded>0</occluded>
		<bndbox>
			<xmin>11</xmin>
			<xmax>404</xmax>
			<ymin>15</ymin>
			<ymax>323</ymax>
		</bndbox>
	</object>
</annotation>
