<annotation>
	<folder></folder>
	<filename>raccoon-24_jpg.rf.LT1VC0amKwztEwO6bFvk.jpg</filename>
	<path>raccoon-24_jpg.rf.LT1VC0amKwztEwO6bFvk.jpg</path>
	<source>
		<database>roboflow.ai</database>
	</source>
	<size>
		<width>416</width>
		<height>416</height>
		<depth>3</depth>
	</size>
	<segmented>0</segmented>
	<object>
		<name>raccoon</name>
		<pose>Unspecified</pose>
		<truncated>0</truncated>
		<difficult>0</difficult>
		<occluded>0</occluded>
		<bndbox>
			<xmin>120</xmin>
			<xmax>279</xmax>
			<ymin>107</ymin>
			<ymax>346</ymax>
		</bndbox>
	</object>
	<object>
		<name>raccoon</name>
		<pose>Unspecified</pose>
		<truncated>0</truncated>
		<difficult>0</difficult>
		<occluded>0</occluded>
		<bndbox>
			<xmin>217</xmin>
			<xmax>315</xmax>
			<ymin>171</ymin>
			<ymax>322</ymax>
		</bndbox>
	</object>
</annotation>
