<annotation>
	<folder></folder>
	<filename>raccoon-178_jpg.rf.c1wXWhgZXADDzCfgyAaJ.jpg</filename>
	<path>raccoon-178_jpg.rf.c1wXWhgZXADDzCfgyAaJ.jpg</path>
	<source>
		<database>roboflow.ai</database>
	</source>
	<size>
		<width>416</width>
		<height>416</height>
		<depth>3</depth>
	</size>
	<segmented>0</segmented>
	<object>
		<name>raccoon</name>
		<pose>Unspecified</pose>
		<truncated>0</truncated>
		<difficult>0</difficult>
		<occluded>0</occluded>
		<bndbox>
			<xmin>90</xmin>
			<xmax>367</xmax>
			<ymin>28</ymin>
			<ymax>410</ymax>
		</bndbox>
	</object>
</annotation>
