<annotation>
	<folder></folder>
	<filename>raccoon-77_jpg.rf.q9hGI9jrDJ1PpxX1x0rd.jpg</filename>
	<path>raccoon-77_jpg.rf.q9hGI9jrDJ1PpxX1x0rd.jpg</path>
	<source>
		<database>roboflow.ai</database>
	</source>
	<size>
		<width>416</width>
		<height>416</height>
		<depth>3</depth>
	</size>
	<segmented>0</segmented>
	<object>
		<name>raccoon</name>
		<pose>Unspecified</pose>
		<truncated>0</truncated>
		<difficult>0</difficult>
		<occluded>0</occluded>
		<bndbox>
			<xmin>106</xmin>
			<xmax>409</xmax>
			<ymin>2</ymin>
			<ymax>382</ymax>
		</bndbox>
	</object>
</annotation>
