<annotation>
	<folder></folder>
	<filename>raccoon-57_jpg.rf.8yZARYYn68JKxfOa2n4f.jpg</filename>
	<path>raccoon-57_jpg.rf.8yZARYYn68JKxfOa2n4f.jpg</path>
	<source>
		<database>roboflow.ai</database>
	</source>
	<size>
		<width>416</width>
		<height>416</height>
		<depth>3</depth>
	</size>
	<segmented>0</segmented>
	<object>
		<name>raccoon</name>
		<pose>Unspecified</pose>
		<truncated>0</truncated>
		<difficult>0</difficult>
		<occluded>0</occluded>
		<bndbox>
			<xmin>54</xmin>
			<xmax>416</xmax>
			<ymin>7</ymin>
			<ymax>415</ymax>
		</bndbox>
	</object>
</annotation>
