<annotation>
	<folder></folder>
	<filename>raccoon-180_jpg.rf.ce25zVjoS2kYjBMoa8yr.jpg</filename>
	<path>raccoon-180_jpg.rf.ce25zVjoS2kYjBMoa8yr.jpg</path>
	<source>
		<database>roboflow.ai</database>
	</source>
	<size>
		<width>416</width>
		<height>416</height>
		<depth>3</depth>
	</size>
	<segmented>0</segmented>
	<object>
		<name>raccoon</name>
		<pose>Unspecified</pose>
		<truncated>0</truncated>
		<difficult>0</difficult>
		<occluded>0</occluded>
		<bndbox>
			<xmin>84</xmin>
			<xmax>256</xmax>
			<ymin>23</ymin>
			<ymax>416</ymax>
		</bndbox>
	</object>
</annotation>
