<annotation>
	<folder></folder>
	<filename>raccoon-176_jpg.rf.B7dOSWLGt9AqGehid5Wc.jpg</filename>
	<path>raccoon-176_jpg.rf.B7dOSWLGt9AqGehid5Wc.jpg</path>
	<source>
		<database>roboflow.ai</database>
	</source>
	<size>
		<width>416</width>
		<height>416</height>
		<depth>3</depth>
	</size>
	<segmented>0</segmented>
	<object>
		<name>raccoon</name>
		<pose>Unspecified</pose>
		<truncated>0</truncated>
		<difficult>0</difficult>
		<occluded>0</occluded>
		<bndbox>
			<xmin>161</xmin>
			<xmax>319</xmax>
			<ymin>72</ymin>
			<ymax>334</ymax>
		</bndbox>
	</object>
	<object>
		<name>raccoon</name>
		<pose>Unspecified</pose>
		<truncated>0</truncated>
		<difficult>0</difficult>
		<occluded>0</occluded>
		<bndbox>
			<xmin>55</xmin>
			<xmax>164</xmax>
			<ymin>2</ymin>
			<ymax>148</ymax>
		</bndbox>
	</object>
</annotation>
