<annotation>
	<folder></folder>
	<filename>raccoon-69_jpg.rf.GeXNSZJE74xhqy7y93c3.jpg</filename>
	<path>raccoon-69_jpg.rf.GeXNSZJE74xhqy7y93c3.jpg</path>
	<source>
		<database>roboflow.ai</database>
	</source>
	<size>
		<width>416</width>
		<height>416</height>
		<depth>3</depth>
	</size>
	<segmented>0</segmented>
	<object>
		<name>raccoon</name>
		<pose>Unspecified</pose>
		<truncated>0</truncated>
		<difficult>0</difficult>
		<occluded>0</occluded>
		<bndbox>
			<xmin>26</xmin>
			<xmax>383</xmax>
			<ymin>19</ymin>
			<ymax>407</ymax>
		</bndbox>
	</object>
</annotation>
