<annotation>
	<folder></folder>
	<filename>raccoon-158_jpg.rf.29Zyi0Uggb1h2Bd5lb4L.jpg</filename>
	<path>raccoon-158_jpg.rf.29Zyi0Uggb1h2Bd5lb4L.jpg</path>
	<source>
		<database>roboflow.ai</database>
	</source>
	<size>
		<width>416</width>
		<height>416</height>
		<depth>3</depth>
	</size>
	<segmented>0</segmented>
	<object>
		<name>raccoon</name>
		<pose>Unspecified</pose>
		<truncated>0</truncated>
		<difficult>0</difficult>
		<occluded>0</occluded>
		<bndbox>
			<xmin>36</xmin>
			<xmax>397</xmax>
			<ymin>54</ymin>
			<ymax>404</ymax>
		</bndbox>
	</object>
</annotation>
