<annotation>
	<folder></folder>
	<filename>raccoon-162_jpg.rf.abgsw4ndfVWi8GTwjzwc.jpg</filename>
	<path>raccoon-162_jpg.rf.abgsw4ndfVWi8GTwjzwc.jpg</path>
	<source>
		<database>roboflow.ai</database>
	</source>
	<size>
		<width>416</width>
		<height>416</height>
		<depth>3</depth>
	</size>
	<segmented>0</segmented>
	<object>
		<name>raccoon</name>
		<pose>Unspecified</pose>
		<truncated>0</truncated>
		<difficult>0</difficult>
		<occluded>0</occluded>
		<bndbox>
			<xmin>73</xmin>
			<xmax>260</xmax>
			<ymin>74</ymin>
			<ymax>395</ymax>
		</bndbox>
	</object>
</annotation>
