<annotation>
	<folder></folder>
	<filename>raccoon-72_jpg.rf.jefuPY3lQ0BGw1D2Xub8.jpg</filename>
	<path>raccoon-72_jpg.rf.jefuPY3lQ0BGw1D2Xub8.jpg</path>
	<source>
		<database>roboflow.ai</database>
	</source>
	<size>
		<width>416</width>
		<height>416</height>
		<depth>3</depth>
	</size>
	<segmented>0</segmented>
	<object>
		<name>raccoon</name>
		<pose>Unspecified</pose>
		<truncated>0</truncated>
		<difficult>0</difficult>
		<occluded>0</occluded>
		<bndbox>
			<xmin>164</xmin>
			<xmax>332</xmax>
			<ymin>194</ymin>
			<ymax>373</ymax>
		</bndbox>
	</object>
	<object>
		<name>raccoon</name>
		<pose>Unspecified</pose>
		<truncated>0</truncated>
		<difficult>0</difficult>
		<occluded>0</occluded>
		<bndbox>
			<xmin>74</xmin>
			<xmax>212</xmax>
			<ymin>35</ymin>
			<ymax>334</ymax>
		</bndbox>
	</object>
</annotation>
