<annotation>
	<folder></folder>
	<filename>raccoon-85_jpg.rf.u3OeM7EG2WspSHohlsK2.jpg</filename>
	<path>raccoon-85_jpg.rf.u3OeM7EG2WspSHohlsK2.jpg</path>
	<source>
		<database>roboflow.ai</database>
	</source>
	<size>
		<width>416</width>
		<height>416</height>
		<depth>3</depth>
	</size>
	<segmented>0</segmented>
	<object>
		<name>raccoon</name>
		<pose>Unspecified</pose>
		<truncated>0</truncated>
		<difficult>0</difficult>
		<occluded>0</occluded>
		<bndbox>
			<xmin>160</xmin>
			<xmax>403</xmax>
			<ymin>79</ymin>
			<ymax>385</ymax>
		</bndbox>
	</object>
</annotation>
