<annotation>
	<folder></folder>
	<filename>raccoon-168_jpg.rf.VGysc5nmOQDryDkgYMIj.jpg</filename>
	<path>raccoon-168_jpg.rf.VGysc5nmOQDryDkgYMIj.jpg</path>
	<source>
		<database>roboflow.ai</database>
	</source>
	<size>
		<width>416</width>
		<height>416</height>
		<depth>3</depth>
	</size>
	<segmented>0</segmented>
	<object>
		<name>raccoon</name>
		<pose>Unspecified</pose>
		<truncated>0</truncated>
		<difficult>0</difficult>
		<occluded>0</occluded>
		<bndbox>
			<xmin>66</xmin>
			<xmax>249</xmax>
			<ymin>118</ymin>
			<ymax>403</ymax>
		</bndbox>
	</object>
	<object>
		<name>raccoon</name>
		<pose>Unspecified</pose>
		<truncated>0</truncated>
		<difficult>0</difficult>
		<occluded>0</occluded>
		<bndbox>
			<xmin>116</xmin>
			<xmax>313</xmax>
			<ymin>3</ymin>
			<ymax>411</ymax>
		</bndbox>
	</object>
</annotation>
