<annotation>
	<folder></folder>
	<filename>raccoon-172_jpg.rf.LJbm7o2O1r9n30c43RTe.jpg</filename>
	<path>raccoon-172_jpg.rf.LJbm7o2O1r9n30c43RTe.jpg</path>
	<source>
		<database>roboflow.ai</database>
	</source>
	<size>
		<width>416</width>
		<height>416</height>
		<depth>3</depth>
	</size>
	<segmented>0</segmented>
	<object>
		<name>raccoon</name>
		<pose>Unspecified</pose>
		<truncated>0</truncated>
		<difficult>0</difficult>
		<occluded>0</occluded>
		<bndbox>
			<xmin>125</xmin>
			<xmax>271</xmax>
			<ymin>65</ymin>
			<ymax>364</ymax>
		</bndbox>
	</object>
</annotation>
