<annotation>
	<folder></folder>
	<filename>raccoon-94_jpg.rf.5CNnewuURDkzQIGjJW4K.jpg</filename>
	<path>raccoon-94_jpg.rf.5CNnewuURDkzQIGjJW4K.jpg</path>
	<source>
		<database>roboflow.ai</database>
	</source>
	<size>
		<width>416</width>
		<height>416</height>
		<depth>3</depth>
	</size>
	<segmented>0</segmented>
	<object>
		<name>raccoon</name>
		<pose>Unspecified</pose>
		<truncated>0</truncated>
		<difficult>0</difficult>
		<occluded>0</occluded>
		<bndbox>
			<xmin>93</xmin>
			<xmax>324</xmax>
			<ymin>10</ymin>
			<ymax>397</ymax>
		</bndbox>
	</object>
</annotation>
