<annotation>
	<folder></folder>
	<filename>raccoon-63_jpg.rf.dT1hjklwbAWPVbSj4uKq.jpg</filename>
	<path>raccoon-63_jpg.rf.dT1hjklwbAWPVbSj4uKq.jpg</path>
	<source>
		<database>roboflow.ai</database>
	</source>
	<size>
		<width>416</width>
		<height>416</height>
		<depth>3</depth>
	</size>
	<segmented>0</segmented>
	<object>
		<name>raccoon</name>
		<pose>Unspecified</pose>
		<truncated>0</truncated>
		<difficult>0</difficult>
		<occluded>0</occluded>
		<bndbox>
			<xmin>52</xmin>
			<xmax>195</xmax>
			<ymin>112</ymin>
			<ymax>303</ymax>
		</bndbox>
	</object>
	<object>
		<name>raccoon</name>
		<pose>Unspecified</pose>
		<truncated>0</truncated>
		<difficult>0</difficult>
		<occluded>0</occluded>
		<bndbox>
			<xmin>159</xmin>
			<xmax>281</xmax>
			<ymin>98</ymin>
			<ymax>311</ymax>
		</bndbox>
	</object>
</annotation>
