<annotation>
	<folder></folder>
	<filename>raccoon-90_jpg.rf.jUuX6n7D184OJy9gGkVL.jpg</filename>
	<path>raccoon-90_jpg.rf.jUuX6n7D184OJy9gGkVL.jpg</path>
	<source>
		<database>roboflow.ai</database>
	</source>
	<size>
		<width>416</width>
		<height>416</height>
		<depth>3</depth>
	</size>
	<segmented>0</segmented>
	<object>
		<name>raccoon</name>
		<pose>Unspecified</pose>
		<truncated>0</truncated>
		<difficult>0</difficult>
		<occluded>0</occluded>
		<bndbox>
			<xmin>30</xmin>
			<xmax>377</xmax>
			<ymin>89</ymin>
			<ymax>416</ymax>
		</bndbox>
	</object>
</annotation>
