<annotation>
	<folder></folder>
	<filename>raccoon-148_jpg.rf.vTmvA1TNQWOc2TfExUyR.jpg</filename>
	<path>raccoon-148_jpg.rf.vTmvA1TNQWOc2TfExUyR.jpg</path>
	<source>
		<database>roboflow.ai</database>
	</source>
	<size>
		<width>416</width>
		<height>416</height>
		<depth>3</depth>
	</size>
	<segmented>0</segmented>
	<object>
		<name>raccoon</name>
		<pose>Unspecified</pose>
		<truncated>0</truncated>
		<difficult>0</difficult>
		<occluded>0</occluded>
		<bndbox>
			<xmin>28</xmin>
			<xmax>146</xmax>
			<ymin>198</ymin>
			<ymax>352</ymax>
		</bndbox>
	</object>
	<object>
		<name>raccoon</name>
		<pose>Unspecified</pose>
		<truncated>0</truncated>
		<difficult>0</difficult>
		<occluded>0</occluded>
		<bndbox>
			<xmin>258</xmin>
			<xmax>357</xmax>
			<ymin>192</ymin>
			<ymax>350</ymax>
		</bndbox>
	</object>
</annotation>
