<annotation>
	<folder></folder>
	<filename>raccoon-55_jpg.rf.iiuBuVwt1FmxfjJuI1TC.jpg</filename>
	<path>raccoon-55_jpg.rf.iiuBuVwt1FmxfjJuI1TC.jpg</path>
	<source>
		<database>roboflow.ai</database>
	</source>
	<size>
		<width>416</width>
		<height>416</height>
		<depth>3</depth>
	</size>
	<segmented>0</segmented>
	<object>
		<name>raccoon</name>
		<pose>Unspecified</pose>
		<truncated>0</truncated>
		<difficult>0</difficult>
		<occluded>0</occluded>
		<bndbox>
			<xmin>5</xmin>
			<xmax>165</xmax>
			<ymin>50</ymin>
			<ymax>320</ymax>
		</bndbox>
	</object>
	<object>
		<name>raccoon</name>
		<pose>Unspecified</pose>
		<truncated>0</truncated>
		<difficult>0</difficult>
		<occluded>0</occluded>
		<bndbox>
			<xmin>181</xmin>
			<xmax>370</xmax>
			<ymin>28</ymin>
			<ymax>410</ymax>
		</bndbox>
	</object>
</annotation>
