<annotation>
	<folder></folder>
	<filename>raccoon-31_jpg.rf.fMbi4VStxp6mv8tMSqYD.jpg</filename>
	<path>raccoon-31_jpg.rf.fMbi4VStxp6mv8tMSqYD.jpg</path>
	<source>
		<database>roboflow.ai</database>
	</source>
	<size>
		<width>416</width>
		<height>416</height>
		<depth>3</depth>
	</size>
	<segmented>0</segmented>
	<object>
		<name>raccoon</name>
		<pose>Unspecified</pose>
		<truncated>0</truncated>
		<difficult>0</difficult>
		<occluded>0</occluded>
		<bndbox>
			<xmin>146</xmin>
			<xmax>331</xmax>
			<ymin>42</ymin>
			<ymax>384</ymax>
		</bndbox>
	</object>
	<object>
		<name>raccoon</name>
		<pose>Unspecified</pose>
		<truncated>0</truncated>
		<difficult>0</difficult>
		<occluded>0</occluded>
		<bndbox>
			<xmin>20</xmin>
			<xmax>142</xmax>
			<ymin>108</ymin>
			<ymax>283</ymax>
		</bndbox>
	</object>
</annotation>
