<annotation>
	<folder></folder>
	<filename>raccoon-103_jpg.rf.yx4ScGFA2FZ23qfitAfV.jpg</filename>
	<path>raccoon-103_jpg.rf.yx4ScGFA2FZ23qfitAfV.jpg</path>
	<source>
		<database>roboflow.ai</database>
	</source>
	<size>
		<width>416</width>
		<height>416</height>
		<depth>3</depth>
	</size>
	<segmented>0</segmented>
	<object>
		<name>raccoon</name>
		<pose>Unspecified</pose>
		<truncated>0</truncated>
		<difficult>0</difficult>
		<occluded>0</occluded>
		<bndbox>
			<xmin>81</xmin>
			<xmax>400</xmax>
			<ymin>36</ymin>
			<ymax>355</ymax>
		</bndbox>
	</object>
</annotation>
