<annotation>
	<folder></folder>
	<filename>raccoon-156_jpg.rf.ftJOhD0Ui1n1glvfhKcr.jpg</filename>
	<path>raccoon-156_jpg.rf.ftJOhD0Ui1n1glvfhKcr.jpg</path>
	<source>
		<database>roboflow.ai</database>
	</source>
	<size>
		<width>416</width>
		<height>416</height>
		<depth>3</depth>
	</size>
	<segmented>0</segmented>
	<object>
		<name>raccoon</name>
		<pose>Unspecified</pose>
		<truncated>0</truncated>
		<difficult>0</difficult>
		<occluded>0</occluded>
		<bndbox>
			<xmin>57</xmin>
			<xmax>289</xmax>
			<ymin>46</ymin>
			<ymax>404</ymax>
		</bndbox>
	</object>
</annotation>
