<annotation>
	<folder></folder>
	<filename>raccoon-42_jpg.rf.vsqqbnbsZq3Fs6QloNbK.jpg</filename>
	<path>raccoon-42_jpg.rf.vsqqbnbsZq3Fs6QloNbK.jpg</path>
	<source>
		<database>roboflow.ai</database>
	</source>
	<size>
		<width>416</width>
		<height>416</height>
		<depth>3</depth>
	</size>
	<segmented>0</segmented>
	<object>
		<name>raccoon</name>
		<pose>Unspecified</pose>
		<truncated>0</truncated>
		<difficult>0</difficult>
		<occluded>0</occluded>
		<bndbox>
			<xmin>88</xmin>
			<xmax>297</xmax>
			<ymin>85</ymin>
			<ymax>313</ymax>
		</bndbox>
	</object>
</annotation>
