<annotation>
	<folder></folder>
	<filename>raccoon-61_jpg.rf.3EbaZ6gnGnQXGoChS06v.jpg</filename>
	<path>raccoon-61_jpg.rf.3EbaZ6gnGnQXGoChS06v.jpg</path>
	<source>
		<database>roboflow.ai</database>
	</source>
	<size>
		<width>416</width>
		<height>416</height>
		<depth>3</depth>
	</size>
	<segmented>0</segmented>
	<object>
		<name>raccoon</name>
		<pose>Unspecified</pose>
		<truncated>0</truncated>
		<difficult>0</difficult>
		<occluded>0</occluded>
		<bndbox>
			<xmin>144</xmin>
			<xmax>297</xmax>
			<ymin>144</ymin>
			<ymax>336</ymax>
		</bndbox>
	</object>
	<object>
		<name>raccoon</name>
		<pose>Unspecified</pose>
		<truncated>0</truncated>
		<difficult>0</difficult>
		<occluded>0</occluded>
		<bndbox>
			<xmin>217</xmin>
			<xmax>325</xmax>
			<ymin>89</ymin>
			<ymax>245</ymax>
		</bndbox>
	</object>
</annotation>
