<annotation>
	<folder></folder>
	<filename>raccoon-123_jpg.rf.e2T41DASi7hi7wG7hfCv.jpg</filename>
	<path>raccoon-123_jpg.rf.e2T41DASi7hi7wG7hfCv.jpg</path>
	<source>
		<database>roboflow.ai</database>
	</source>
	<size>
		<width>416</width>
		<height>416</height>
		<depth>3</depth>
	</size>
	<segmented>0</segmented>
	<object>
		<name>raccoon</name>
		<pose>Unspecified</pose>
		<truncated>0</truncated>
		<difficult>0</difficult>
		<occluded>0</occluded>
		<bndbox>
			<xmin>183</xmin>
			<xmax>359</xmax>
			<ymin>44</ymin>
			<ymax>403</ymax>
		</bndbox>
	</object>
</annotation>
