<annotation>
	<folder></folder>
	<filename>raccoon-173_jpg.rf.v62IA847b0Mh9HlqgH0t.jpg</filename>
	<path>raccoon-173_jpg.rf.v62IA847b0Mh9HlqgH0t.jpg</path>
	<source>
		<database>roboflow.ai</database>
	</source>
	<size>
		<width>416</width>
		<height>416</height>
		<depth>3</depth>
	</size>
	<segmented>0</segmented>
	<object>
		<name>raccoon</name>
		<pose>Unspecified</pose>
		<truncated>0</truncated>
		<difficult>0</difficult>
		<occluded>0</occluded>
		<bndbox>
			<xmin>154</xmin>
			<xmax>390</xmax>
			<ymin>23</ymin>
			<ymax>416</ymax>
		</bndbox>
	</object>
</annotation>
