<annotation>
	<folder></folder>
	<filename>raccoon-12_jpg.rf.9XeEPEIOrBYa8SV7y8nL.jpg</filename>
	<path>raccoon-12_jpg.rf.9XeEPEIOrBYa8SV7y8nL.jpg</path>
	<source>
		<database>roboflow.ai</database>
	</source>
	<size>
		<width>416</width>
		<height>416</height>
		<depth>3</depth>
	</size>
	<segmented>0</segmented>
	<object>
		<name>raccoon</name>
		<pose>Unspecified</pose>
		<truncated>0</truncated>
		<difficult>0</difficult>
		<occluded>0</occluded>
		<bndbox>
			<xmin>46</xmin>
			<xmax>203</xmax>
			<ymin>46</ymin>
			<ymax>389</ymax>
		</bndbox>
	</object>
	<object>
		<name>raccoon</name>
		<pose>Unspecified</pose>
		<truncated>0</truncated>
		<difficult>0</difficult>
		<occluded>0</occluded>
		<bndbox>
			<xmin>138</xmin>
			<xmax>379</xmax>
			<ymin>72</ymin>
			<ymax>415</ymax>
		</bndbox>
	</object>
</annotation>
