<annotation>
	<folder></folder>
	<filename>raccoon-104_jpg.rf.HdpZVmq1teO4b2ny0HJO.jpg</filename>
	<path>raccoon-104_jpg.rf.HdpZVmq1teO4b2ny0HJO.jpg</path>
	<source>
		<database>roboflow.ai</database>
	</source>
	<size>
		<width>416</width>
		<height>416</height>
		<depth>3</depth>
	</size>
	<segmented>0</segmented>
	<object>
		<name>raccoon</name>
		<pose>Unspecified</pose>
		<truncated>0</truncated>
		<difficult>0</difficult>
		<occluded>0</occluded>
		<bndbox>
			<xmin>132</xmin>
			<xmax>237</xmax>
			<ymin>57</ymin>
			<ymax>342</ymax>
		</bndbox>
	</object>
</annotation>
