<annotation>
	<folder></folder>
	<filename>raccoon-133_jpg.rf.AumbkGBEaK3if3xr2rXy.jpg</filename>
	<path>raccoon-133_jpg.rf.AumbkGBEaK3if3xr2rXy.jpg</path>
	<source>
		<database>roboflow.ai</database>
	</source>
	<size>
		<width>416</width>
		<height>416</height>
		<depth>3</depth>
	</size>
	<segmented>0</segmented>
	<object>
		<name>raccoon</name>
		<pose>Unspecified</pose>
		<truncated>0</truncated>
		<difficult>0</difficult>
		<occluded>0</occluded>
		<bndbox>
			<xmin>8</xmin>
			<xmax>405</xmax>
			<ymin>5</ymin>
			<ymax>411</ymax>
		</bndbox>
	</object>
</annotation>
